01BlackRose08,0.996644295,0.003355705
02SarahM,0.748322148,0.251677852
03Masies,0.908496732,0.091503268
0a3430129c1b4f5,0.535714286,0.464285714
0B_JuanKenobi,0.706395349,0.293604651
0chillwill,0.913621262,0.086378738
0_Fuk_Given,0.916666667,0.083333333
123KatC,0.4275,0.5725
123Viihlu,0.768571429,0.231428571
12jessicasims,0.755319149,0.244680851
1399_saa,0.4,0.6
13DiYaNkA,0.916666667,0.083333333
14sbass,0.439429929,0.560570071
15roneill,0.816720257,0.183279743
16kingj,0.797101449,0.202898551
17Hooch,0.78021978,0.21978022
17huletts,0.64037123,0.35962877
1985Dejan,0.891304348,0.108695652
19gtoth,0.781818182,0.218181818
1Beerich,0.661341853,0.338658147
1doktornele,0.837579618,0.162420382
1tstreets_187,0.679425837,0.320574163
24jc365,0.988826816,0.011173184
27rohitKumar,0.877777778,0.122222222
28724m,0.964285714,0.035714286
30RockSuperFans,0.56846473,0.43153527
31maki31,0.273076923,0.726923077
3dbloc,0.792613636,0.207386364
3DCRE,0.724770642,0.275229358
3Four_Prod,0.475206612,0.524793388
3leboutchou,0.804532578,0.195467422
3min3m_lover,0.714285714,0.285714286
3_samoNB_3,0.553745928,0.446254072
406to702,0.741935484,0.258064516
40formsintimacy,0.875,0.125
4houselighting,0.99,0.01
4slas,1,0
5148a274fa86451,0.863636364,0.136363636
55cbaca85e374b1,1,0
5h2Wfh,1,0
5SenseMarriage,0.403726708,0.596273292
5sos_lover_33_,0.923076923,0.076923077
604arun,0.848484848,0.151515152
65Dato,0.689655172,0.310344828
6GodGraham,0.558823529,0.441176471
6_boyce,0.794871795,0.205128205
73Huntingdonsqn,0.554487179,0.445512821
77d432863ebe462,1,0
7rangtv,0.949367089,0.050632911
7_deadlyzins,0.894736842,0.105263158
84213360,0.516129032,0.483870968
8755745454,1,0
8dfb4f5d646346b,0.980582524,0.019417476
8ourgeois,0.651651652,0.348348348
96jasminecoles,0.685714286,0.314285714
999haunts,0.868613139,0.131386861
9EIGHT9ENT,0.378947368,0.621052632
9never_any,0.988636364,0.011363636
9_Russell_21,0.588028169,0.411971831
A1GEEK,0.8,0.2
AadamSparkzz,0.170157068,0.829842932
aahana_dhar,0.5,0.5
AalexxxFoxwell,0.743589744,0.256410256
Aalink200,0.838383838,0.161616162
aarenprody,0.739130435,0.260869565
aaronhiles,0.272131148,0.727868852
AaronMock14,0.806451613,0.193548387
aaron_e1294,0.821958457,0.178041543
Aaron_Woodward,0.731788079,0.268211921
Aayah6688,0.959459459,0.040540541
ab101697,0.764227642,0.235772358
AbbesDonutsFLA,0.838607595,0.161392405
abbeybusche_,0.443231441,0.556768559
AbbeyHassan,0.905723906,0.094276094
abbeymclennon,0.436363636,0.563636364
AbbeyRaeee2,0.708737864,0.291262136
AbbyHareHarris,0.709677419,0.290322581
AbbyPerkins8,0.665671642,0.334328358
abby_321_,0.411167513,0.588832487
ABC7JayE,0.729651163,0.270348837
Abdi272,0.332386364,0.667613636
Abdula_Anisetty,0.806666667,0.193333333
AbdullahMShaikh,0.37431694,0.62568306
abdullah_dawnak,0.49122807,0.50877193
abedf92,0.768292683,0.231707317
Abeh_254,0.726368159,0.273631841
abhaynawani,0.936708861,0.063291139
AbidingCare,0.957219251,0.042780749
AbidingMarriage,0.835443038,0.164556962
AbiReimold,0.601049869,0.398950131
AblaKlaa,0.454356846,0.545643154
abolajisayo,0.848484848,0.151515152
Abrahim_TheGoat,0.81875,0.18125
ABrokeDesigner,0.91318328,0.08681672
absarokaa_wyo,0.598240469,0.401759531
Abu_Kigab23,0.895899054,0.104100946
AcaciaMizzou,0.68202765,0.31797235
acaciasink,0.872403561,0.127596439
AccordingtoDrew,0.600660066,0.399339934
Ace15Cypress,0.211267606,0.788732394
aclavers,0.598705502,0.401294498
AcworthGAHomes,0.937293729,0.062706271
ada914,0.782894737,0.217105263
Adam4Bent,0.545238095,0.454761905
adamfairholm,0.606153846,0.393846154
AdammmWalsh,0.518201285,0.481798715
adampeltonlove1,0.714285714,0.285714286
adamspector2,0.789634146,0.210365854
AdityaSambuaga,0.897142857,0.102857143
adkelman,0.855799373,0.144200627
adomidom,0.863636364,0.136363636
AdoreMarriage,0.811111111,0.188888889
AdrianJulian,0.791411043,0.208588957
adriantalingdan,0.635135135,0.364864865
adshead_l,0.82122905,0.17877095
AdviseTX,0.893333333,0.106666667
AdvisingBoston,0.607843137,0.392156863
AdvocateAMG,0.684705882,0.315294118
AdvocateAPPNews,0.95751634,0.04248366
AdvocateComRel,0.614545455,0.385454545
AdvocateEureka,0.843304843,0.156695157
AdvocateMegC,0.546875,0.453125
AdvocateSystem,0.895705521,0.104294479
AdyCakesLLC,0.963576159,0.036423841
aeradio2015,1,0
AeroBrennan,0.696202532,0.303797468
aetcars,0.875,0.125
afarley08,0.862416107,0.137583893
AFLExchange,0.428286853,0.571713147
AfterChefJunior,0.619047619,0.380952381
age321,0.67961165,0.32038835
AgentFenton,0.73313783,0.26686217
agentzlaja,0.857142857,0.142857143
aggcloud,0.787172012,0.212827988
AGMacRae,0.72606383,0.27393617
AgProud,0.654185022,0.345814978
agrarealestate,0.986899563,0.013100437
AgronomyAdvntge,0.9,0.1
agungkrniawan9,0.953642384,0.046357616
agvthe,0.37860781,0.62139219
agvthv,0.591836735,0.408163265
AGWilsonn,0.59807074,0.40192926
AHafiz_core,0.470588235,0.529411765
Ahall06Ashley,0.330900243,0.669099757
aharrisgirl,0.706070288,0.293929712
AHerrinHBR,0.85,0.15
AhmedRealty1,0.996632997,0.003367003
AHSanchez128,0.73381295,0.26618705
AhsanKh31215445,0.458333333,0.541666667
ahvenaisesi,0.767123288,0.232876712
Aibasso27,0.928571429,0.071428571
aikopots24,0.65448505,0.34551495
AimeeTay,0.5,0.5
AIMMS,0.825,0.175
aimzkb,0.823343849,0.176656151
Ains_Organ,0.693820225,0.306179775
AirAvangarda,0.432835821,0.567164179
aircierge,0.791666667,0.208333333
aiyananana,0.531100478,0.468899522
ajhodet,0.25,0.75
ajoycecasas,0.575384615,0.424615385
ajvogel,0.76969697,0.23030303
AJYHYP,0.967741935,0.032258065
akatz313,0.831578947,0.168421053
aka_delboy,0.894904459,0.105095541
akilalola444,0.206896552,0.793103448
akilbalraj,0.511363636,0.488636364
Akinfejev_PFK,0.369905956,0.630094044
akramer10,0.726708075,0.273291925
akshay1090,0.726973684,0.273026316
akshchugh,0.606060606,0.393939394
Aktolegaming,0.927710843,0.072289157
akumu_stephen,0.818181818,0.181818182
Al1shaK,0.513513514,0.486486486
alainveuve,0.581151832,0.418848168
AlanPeterJr,0.871069182,0.128930818
alawi99,0.483870968,0.516129032
albabynyr,0.37254902,0.62745098
alberti47136988,0.641025641,0.358974359
albertzace,0.64,0.36
alcovercarl,0.217391304,0.782608696
Aldair0605,0.180124224,0.819875776
aldrichjeff18,0.828125,0.171875
AldrinTheReal,0.35106383,0.64893617
Ale0099,0.75,0.25
Aleandre5,0.946127946,0.053872054
AlecAustin,0.471810089,0.528189911
aleeibuu,0.785478548,0.214521452
alejandro6775,1,0
alenadixson08,0.663265306,0.336734694
alerera,0.676616915,0.323383085
alessandraVScrt,0.993311037,0.006688963
alexarungah,0.857142857,0.142857143
alexdglover,0.884615385,0.115384615
AlexDimick,0.766871166,0.233128834
AlexFontana1995,0.721973094,0.278026906
AlexGeeDee,0.554929577,0.445070423
AlexGrindeland,0.68,0.32
AlexGuerrerj,0.555,0.445
alexiselizabet,0.716814159,0.283185841
alexisgracehigg,0.670454545,0.329545455
alexismathison,0.974358974,0.025641026
Alexis_Groht,0.75562701,0.24437299
AlexKeenPhoto,0.714285714,0.285714286
AlexRibenboim,0.600558659,0.399441341
AlexSparbeck,0.597101449,0.402898551
Alexvitola3,0.497461929,0.502538071
AlexWendland,0.706586826,0.293413174
AlexYoungston,0.796238245,0.203761755
Alex_06,0.588039867,0.411960133
alex_gnoza,0.522788204,0.477211796
Alex_Mayberry,0.488505747,0.511494253
alex_pixel,0.65129683,0.34870317
aleynquan,0.632653061,0.367346939
Alfredoelias11R,0.973063973,0.026936027
alhajisuley,0.846774194,0.153225806
Alhamzadwaik,0.873015873,0.126984127
AliAliroper612,0.85942492,0.14057508
alialvi,0.825949367,0.174050633
AliaWakileh,0.607305936,0.392694064
aliciadugan10,0.600550964,0.399449036
Aliiii_baba,0.596736597,0.403263403
alikennedy_,0.56846473,0.43153527
alinamarina17,0.842105263,0.157894737
alisonx0_,0.72327044,0.27672956
Ali_Jaradeh,0.964285714,0.035714286
aljastylison,0.75,0.25
AllanVoghan,0.607476636,0.392523364
AllenKnowsHIE,0.897280967,0.102719033
Allin_Training,0.807017544,0.192982456
AllisonAbayay,0.622699387,0.377300614
AllisonChorey,0.73255814,0.26744186
allisondone,0.575757576,0.424242424
AllisonJ5,0.688622754,0.311377246
allisonmcda,0.785714286,0.214285714
AllisonMuni,0.685185185,0.314814815
allsportsdata,0.977272727,0.022727273
AllThingsNew215,0.737160121,0.262839879
allycKe,0.466063348,0.533936652
AllyD2909,0.850877193,0.149122807
AllyDillsworth,0.857605178,0.142394822
allymventura,0.472972973,0.527027027
All_Greatness,0.527687296,0.472312704
All_InMke,0.720930233,0.279069767
AlmenanzaJan,0.909698997,0.090301003
almightyfighter,0.735714286,0.264285714
AlombossChollo,0.522522523,0.477477477
ALotOfCats_,0.6875,0.3125
AlphaPhiCSUSB,0.33033419,0.66966581
AlphaPRoduction,0.613636364,0.386363636
ALRadeck,0.677115987,0.322884013
alrolnora,0.983277592,0.016722408
ALRUFIAN,0.54368932,0.45631068
alstriker,0.427184466,0.572815534
AltitudeVF,0.428571429,0.571428571
ALUSCanada,0.607476636,0.392523364
Alyansi,0.98989899,0.01010101
AlyseNykollxoxo,0.903225806,0.096774194
AlyshaBadour,0.829710145,0.170289855
alyson_huber,0.85,0.15
alyssafagien,0.818452381,0.181547619
alyssa_patience,0.55,0.45
alyviaweston9,0.75,0.25
AL_KING2169,0.902439024,0.097560976
am050505,0.274509804,0.725490196
amalthya,0.812903226,0.187096774
AmamaQuotes,0.108614232,0.891385768
amandaa_v1,0.613272311,0.386727689
amandan_jackson,0.641242938,0.358757062
Amanda_pike16,0.834951456,0.165048544
amaranthinegirl,0.567049808,0.432950192
amarpadda,0.973544974,0.026455026
amberber_95,0.935251799,0.064748201
amcaaron,0.213872832,0.786127168
amcdermo,0.432762836,0.567237164
americalizethh,0.610215054,0.389784946
amhfarm,0.327102804,0.672897196
amisha1301,0.383386581,0.616613419
amity_leigh,0.853773585,0.146226415
ammaral_zeer,0.75,0.25
AmplifyUrBrand,0.466141732,0.533858268
AMRealGirl,0.747126437,0.252873563
amrodriguez104,0.996078431,0.003921569
AMS_Avionics,0.821428571,0.178571429
amuse_kelly,0.821428571,0.178571429
Amu_Tsogoo,0.393617021,0.606382979
AmyEvans21,0.64516129,0.35483871
amy_clari,0.863636364,0.136363636
anacartur,0.831168831,0.168831169
AnaisSineiro,0.916666667,0.083333333
anamgom,0.630769231,0.369230769
anamkazimMLA,0.602222222,0.397777778
AnandamTV,0.203883495,0.796116505
anapaularafaela,0.919732441,0.080267559
anderson_mutua,0.25,0.75
andievidal,0.779874214,0.220125786
andi_woodward,0.841935484,0.158064516
andjelaaaa13,0.5625,0.4375
ANDJosiah8787,0.747747748,0.252252252
andreaoropeza8,0.878787879,0.121212121
AndreaShayLA,0.656675749,0.343324251
AndreasLebihan,0.609120521,0.390879479
AndreaVRinaldi,0.596107056,0.403892944
andrevsb,0.835913313,0.164086687
andrewbarber02,0.551724138,0.448275862
andrewfeller,0.550295858,0.449704142
AndrewGilligan2,0.936102236,0.063897764
andrewlee_18,0.743421053,0.256578947
AndrewMunchy,0.797297297,0.202702703
AndrewPattock71,0.755555556,0.244444444
andrewsargeant,0.653846154,0.346153846
Andrewscully23,0.28,0.72
AndreyKovalev94,0.773972603,0.226027397
Andrija10Nina,0.534810127,0.465189873
AndruwWittels,0.653333333,0.346666667
andyrtd,0.912052117,0.087947883
andysatnz,0.735202492,0.264797508
anesbit1,0.633802817,0.366197183
angelicadelpap1,0.642857143,0.357142857
angelicasemidei,0.755208333,0.244791667
Angelica_werung,0.84,0.16
AngeliMarcline,0.904494382,0.095505618
Angelique_Bizet,0.857594937,0.142405063
angelserwelas,0.599337748,0.400662252
anggersatya,0.4,0.6
Angielee_vr,0.797468354,0.202531646
angiePRmarino,0.89456869,0.10543131
angies1564,0.74,0.26
Angyelito001,0.649769585,0.350230415
aniatarazi,0.76635514,0.23364486
animaljustice5,0.444444444,0.555555556
animationbellev,0.042895442,0.957104558
anirbanmukh,0.939873418,0.060126582
anitamiles20,0.666666667,0.333333333
Anja66T,1,0
AnmolSingh1110,0.9,0.1
annaamyerss,0.69047619,0.30952381
annaeliz33,0.793478261,0.206521739
AnnahBel1,0.62,0.38
AnnaSnapp91,0.928571429,0.071428571
annatkinsbksxyz,0.714285714,0.285714286
anna_catrin97,0.476190476,0.523809524
anna__mrie,0.630136986,0.369863014
AnneDiNardo,0.764397906,0.235602094
Annette34News,0.535211268,0.464788732
anniesue5,0.881967213,0.118032787
annieuzar,0.71257485,0.28742515
annikachurchh,0.78125,0.21875
annisrisky,0.402515723,0.597484277
AnnLedon,0.916666667,0.083333333
AnnMcConnell,0.828193833,0.171806167
annmurdesign,0.540462428,0.459537572
annmwonjo,0.989637306,0.010362694
Anntutih,1,0
AnoopKumarBhat,0.711442786,0.288557214
anotherstander,0.638483965,0.361516035
AnoudMubaidin,0.859872611,0.140127389
ANowakRiviere,0.680589681,0.319410319
AnPromises,0.8585209,0.1414791
ANRoth23,0.647058824,0.352941176
anshuman_x,0.651982379,0.348017621
AnsleyGordon,0.830769231,0.169230769
AnsleyKish,0.929530201,0.070469799
antarcticdinos,0.421686747,0.578313253
antb00g13,0.993288591,0.006711409
Anthony51209,0.095,0.905
AnthonyLaudico,0.947368421,0.052631579
anthonysantange,0.657718121,0.342281879
AntjevG,0.877245509,0.122754491
Antydogmatyk,0.399515739,0.600484262
anukampagupta,0.834394904,0.165605096
anyanildefonso,0.787878788,0.212121212
anyonaalex,0.632653061,0.367346939
AN_TracknField,0.448692153,0.551307847
aparapi,0.781578947,0.218421053
Aparna160,0.648501362,0.351498638
AplisoSA,0.96969697,0.03030303
APLMaria,0.398753894,0.601246106
AppsterTeam,0.716666667,0.283333333
apput,0.925806452,0.074193548
araasalinas,0.667664671,0.332335329
AranoKj,0.798657718,0.201342282
ArcherBuchanan,0.83125,0.16875
ArchieGameDev,0.561797753,0.438202247
ARCWisc,0.779569892,0.220430108
areadelhi,0.991869919,0.008130081
areagujarat,0.9921875,0.0078125
area_maha,0.947826087,0.052173913
Arianajoven,0.773399015,0.226600985
ArianaKay_lor,0.823529412,0.176470588
arichards75,0.60625,0.39375
Ariel_Angelico,0.843333333,0.156666667
ariiannatips,0.611904762,0.388095238
AriRich7,0.484848485,0.515151515
arjhinton,0.756653992,0.243346008
ArlingtonCSD,0.379042691,0.620957309
ArnoRosenfeld,0.619937695,0.380062305
ArryanB,0.899350649,0.100649351
artbyoce,0.332409972,0.667590028
ArtedeVie,0.631840796,0.368159204
ArteryInk,0.640866873,0.359133127
Artin__22,0.875420875,0.124579125
ArtisticRite,0.974576271,0.025423729
artistic_saint,0.925925926,0.074074074
ArtOfMaquenda,0.391982183,0.608017817
artofmithril,0.35770235,0.64229765
ArtofSekhmet,0.436507937,0.563492063
ArtsInRI,0.692307692,0.307692308
Arun_bravo_M,0.727272727,0.272727273
Arushi134,0.754098361,0.245901639
Arushi_Rawat,0.248344371,0.751655629
AS220Food,0.886153846,0.113846154
as220labs,0.808988764,0.191011236
asbaaisami,0.816023739,0.183976261
asbernstein2185,0.460240964,0.539759036
aschroeder818,0.659090909,0.340909091
asdavis_,0.521126761,0.478873239
ASFInfra,0.926315789,0.073684211
ashaonthebeach,0.849529781,0.150470219
AshaSociety,0.813031161,0.186968839
ashenork,0.538216561,0.461783439
AshesRse,0.781437126,0.218562874
ashhhhtonx,0.714697406,0.285302594
ashiech,0.334437086,0.665562914
AshishMBakshi,0.944055944,0.055944056
Ashleydalopz,0.851735016,0.148264984
AshleyHalliwill,0.695652174,0.304347826
ashleymarie5693,1,0
AshleyTryba,0.784810127,0.215189873
ashleyymarino,0.472826087,0.527173913
ashleyynaomii,0.793002915,0.206997085
Ashley_M54579,0.96,0.04
ashlynn_colon,0.445378151,0.554621849
ashmuriithi,0.804597701,0.195402299
AshNis,0.805755396,0.194244604
ashtonevans,0.528571429,0.471428571
Ashtonleighbeck,0.734328358,0.265671642
asianSupermark,0.824404762,0.175595238
ASK2architect,0.971830986,0.028169014
Askembora,0.540372671,0.459627329
asmidgin,0.323076923,0.676923077
ASOGBanks,0.846405229,0.153594771
asreeves34,0.589519651,0.410480349
Assassin_115,0.121212121,0.878787879
Astana2628,1,0
astqb,0.55952381,0.44047619
asultani7,0.678233438,0.321766562
asu_kalekye,0.607843137,0.392156863
aswin8783,0.613636364,0.386363636
asydrayn,0.349056604,0.650943396
ateful,0.347826087,0.652173913
AthenaBME,0.80952381,0.19047619
athenad,1,0
ATHENA_RESE,0.528052805,0.471947195
athinapechliva2,0.983221477,0.016778523
Atirgen,0.956521739,0.043478261
atomspark1618,0.258333333,0.741666667
ATONAMIS317,0.170418006,0.829581994
AtorSeri,0.369211514,0.630788486
atouchof_grace,0.558912387,0.441087613
AtrealJohnny,0.818181818,0.181818182
AttorneyMN,0.931034483,0.068965517
atwalls,0.65625,0.34375
aubreeyyy,0.924050633,0.075949367
aubreyerin13,0.783870968,0.216129032
audballl911,0.5875,0.4125
AUDDOTcom,0.41958042,0.58041958
AudeRlx,0.854545455,0.145454545
audio_adam,0.799373041,0.200626959
AuditConduct,0.984042553,0.015957447
AudzWrightYPR,0.742857143,0.257142857
augenblicknyc,0.648484848,0.351515152
augmentedvisual,0.895683453,0.104316547
AugustKeith,0.857142857,0.142857143
AUPCareers,0.883435583,0.116564417
aurianneJB,0.9375,0.0625
AuroraAlimentos,0.278106509,0.721893491
AussieGators,0.612903226,0.387096774
austinbrinza,0.898734177,0.101265823
austinm124,0.498929336,0.501070664
AustinSwinimer,0.75,0.25
AutumnSansaver,0.856707317,0.143292683
AvalonResident,0.965517241,0.034482759
Avandros1,0.795698925,0.204301075
Avdeshzameen,1,0
avenuedeleurope,0.272912424,0.727087576
AverilBohlens,0.993311037,0.006688963
avkashchauhan,0.660287081,0.339712919
avoge21,0.826086957,0.173913043
AvonworthPE,0.395348837,0.604651163
AWal55,0.694968553,0.305031447
awalkhome,1,0
awaz02,0.8,0.2
AWilsoonn,0.825657895,0.174342105
AworthDball1,0.635294118,0.364705882
AWPPHOTOGRAPHY,0.929824561,0.070175439
awrightwhitley,0.913043478,0.086956522
aw_is_brkn,0.174496644,0.825503356
Axelpult,0.862928349,0.137071651
Axel_0197,1,0
ayamrb,0.809045226,0.190954774
ayeeenando,0.961538462,0.038461538
AyeeeYouu,0.869281046,0.130718954
ayee_ciearra,0.916666667,0.083333333
ayiesalleh29,0.762658228,0.237341772
ayminchet,0.760869565,0.239130435
Ayusaa_2012,0.785714286,0.214285714
ayushmankuriyal,0.853146853,0.146853147
AyyoHutto,0.4,0.6
azarathus,0.120300752,0.879699248
a_paranjpye,0.550420168,0.449579832
a_sis62,0.93485342,0.06514658
b00mShakaLaka87,0.696048632,0.303951368
b8syPaint,0.432291667,0.567708333
babesband,0.430769231,0.569230769
babinjobrat,0.04,0.96
babpreetika,0.129032258,0.870967742
BabuddinI,0.859016393,0.140983607
babyface_newgen,0.466216216,0.533783784
babyyjohnnie,0.971223022,0.028776978
BackpackersTW,0.931623932,0.068376068
BaconRules123,0.755905512,0.244094488
badlandslogan,0.755681818,0.244318182
badlemans,0.095709571,0.904290429
BadLuckG,0.620253165,0.379746835
baepsehun,0.781818182,0.218181818
BahadirDurak,0.8,0.2
BaidManisha,0.437956204,0.562043796
BaileyBooper,0.736842105,0.263157895
bakerboy92,0.670076726,0.329923274
BakersfieldRPM,0.993288591,0.006711409
Bakhiter,0.810996564,0.189003436
balabit,0.527102804,0.472897196
Balance180Gym,0.801282051,0.198717949
balconyevents,0.97689769,0.02310231
Ballislifee_5,0.944262295,0.055737705
baltej7,0.692982456,0.307017544
BananaSalazar,0.911290323,0.088709677
bandmichaelbr,0.450160772,0.549839228
BankingSmallBz,0.840909091,0.159090909
BapeRodney,1,0
baptistebonnef1,0.829457364,0.170542636
barbajulz,0.602409639,0.397590361
BarbaraBermudez,0.53470437,0.46529563
BarbaraDi,0.780645161,0.219354839
BarbaraRainey,0.663157895,0.336842105
barbie_jalo,0.206759443,0.793240557
barblyons,0.405660377,0.594339623
barodaproperty,0.634730539,0.365269461
barrycoltham,0.827586207,0.172413793
BarthMoc,0.702040816,0.297959184
bartka,0.63141994,0.36858006
BartlettGrill,0.598591549,0.401408451
BartvanEijden,0.384297521,0.615702479
bary__meth,0.679324895,0.320675105
BasharMJarrar,0.884393064,0.115606936
basicallyklynn,0.871165644,0.128834356
BassemZabaneh,0.726072607,0.273927393
BastienBdg,0.818181818,0.181818182
batbuyan01,0.932659933,0.067340067
bat_otgon_b,0.448717949,0.551282051
bbhre,0.872131148,0.127868852
bbqbistrro,0.851851852,0.148148148
bcaputoh,0.894230769,0.105769231
BCastellier,0.508333333,0.491666667
bchaiken,0.83125,0.16875
bdk414,0.121323529,0.878676471
Bdoss219,0.81871345,0.18128655
Beach_Singles,0.993311037,0.006688963
BebeRiz,0.655589124,0.344410876
becca_xpp,0.765079365,0.234920635
becker_murray,0.555555556,0.444444444
BeckMinus,0.652173913,0.347826087
beckragdoll,0.815286624,0.184713376
beckycartercook,0.60952381,0.39047619
beebeeoko,0.723333333,0.276666667
beesleys1,0.235930736,0.764069264
beesweddings,0.925324675,0.074675325
Beezinland360,0.602523659,0.397476341
BEHallABC,0.486486486,0.513513514
Beka_Tay,0.986486486,0.013513514
BeleenDiz,0.799392097,0.200607903
Belieber12272,0.98245614,0.01754386
belieberfan09,0.889502762,0.110497238
belkissanchezc,0.72823219,0.27176781
BellaFilmsNola,0.918300654,0.081699346
bellarukmana,0.523255814,0.476744186
bellgiunta,0.696531792,0.303468208
BelluauEmma,0.719546742,0.280453258
BeltempestBand,1,0
BenBeech22,0.469055375,0.530944625
Bengyanson,0.763779528,0.236220472
benhall923,0.818181818,0.181818182
BenJaneDavies,0.343949045,0.656050955
BenLeech2,0.654109589,0.345890411
bennymullany,0.268292683,0.731707317
benoitcorbel,0.858974359,0.141025641
Benoit_Lavier,0.681578947,0.318421053
benregez,0.829268293,0.170731707
BenRoberts07,0.827586207,0.172413793
benrosen1,0.675925926,0.324074074
bensentsuecs,0.785478548,0.214521452
BenStands,0.943894389,0.056105611
bentarap,0.728476821,0.271523179
benwitte,0.843137255,0.156862745
ben_batt,0.478873239,0.521126761
BergenfieldLib,0.792717087,0.207282913
bergenfieldmb,0.345177665,0.654822335
BergenfieldNJ,1,0
BergenfieldSD,0.626326964,0.373673036
Bernmeisternola,0.728813559,0.271186441
BerteroSindaco,0.957792208,0.042207792
BestGyrosCLE,0.75862069,0.24137931
bestmileypicz,0.062817259,0.937182741
Bestquotes96000,0.93902439,0.06097561
BethanyBergArt,0.51369863,0.48630137
Bethany_R_Brown,0.893617021,0.106382979
beth_kuj,0.465909091,0.534090909
betterhealth_CA,0.816176471,0.183823529
betterlove101,0.661691542,0.338308458
BetterMarriage2,0.643326039,0.356673961
BetterMarriages,0.91875,0.08125
BetterNewlyweds,0.921135647,0.078864353
beyoncetuber,0.781144781,0.218855219
beyondchance37,0.233333333,0.766666667
bfall1523,0.814814815,0.185185185
BhekumuziGumede,0.5,0.5
BHPTeam,0.84375,0.15625
bhrioni,0.406557377,0.593442623
BHSMusicDept,0.331226296,0.668773704
bidhospitalists,0.721925134,0.278074866
BigEasyLofton,0.350877193,0.649122807
biglaunching,1,0
BigMan_44,0.888178914,0.111821086
BigRedSyl,0.523109244,0.476890756
bigrickirvin,0.596428571,0.403571429
BigSap32,0.876666667,0.123333333
Bigskye1144,0.279069767,0.720930233
BigT_90,0.921686747,0.078313253
BigWuiz,0.893548387,0.106451613
bigyusk30,0.85483871,0.14516129
Big_Juicy_Mike,0.608069164,0.391930836
BIG_UGLE,0.725856698,0.274143302
BikeChesterCo,0.666666667,0.333333333
bikerushownzz,0.756410256,0.243589744
BillCollard1,0.72,0.28
billfathers,0.214285714,0.785714286
BillKir33578576,0.833333333,0.166666667
BillOwnz,0.854166667,0.145833333
BillQuinlanTV20,0.503546099,0.496453901
billutterford,0.901960784,0.098039216
billykuhl402,0.911392405,0.088607595
biltmoreacademy,0.796296296,0.203703704
binaryworker,0.969899666,0.030100334
Binas72,0.68877551,0.31122449
Binti_Afrique,0.74789916,0.25210084
Bintyswazuri,0.914285714,0.085714286
Biondi_D,0.947826087,0.052173913
BiowithGoora,0.939490446,0.060509554
BirdCageTaunton,0.348837209,0.651162791
Bismarck_WX,1,0
bisongruppe,0.638888889,0.361111111
BitcoinFaucet3M,0.969387755,0.030612245
bitesize17,0.102678571,0.897321429
bjavkhlan,0.598187311,0.401812689
BJHoff9,0.444117647,0.555882353
bjornerix,0.558252427,0.441747573
bjoseff44,0.778947368,0.221052632
BKichinko65,0.601398601,0.398601399
bkingcs,0.892307692,0.107692308
bkipande,0.819314642,0.180685358
BlackboxVisual,0.766483516,0.233516484
BlackHillsVinyl,0.939759036,0.060240964
BlackLocustL,0.783505155,0.216494845
blackmanrise14,0.555970149,0.444029851
blackstonephoto,0.75,0.25
BlackSwanMia,0.88172043,0.11827957
bladrcntrl101,0.990990991,0.009009009
blaircrawford2,0.537190083,0.462809917
blakeanne_,0.525157233,0.474842767
blakesabol,0.558035714,0.441964286
blake_raven,0.644970414,0.355029586
Blattahali,0.467236467,0.532763533
Blazefire_Saber,0.373493976,0.626506024
blev117,0.869565217,0.130434783
blguy06_lee,0.5625,0.4375
blissandbespoke,0.869565217,0.130434783
blizzardlites,0.819018405,0.180981595
Blk_Mamba20,0.667673716,0.332326284
blockpocalypse,0.387283237,0.612716763
BloopyFoxx,0.656957929,0.343042071
BLSandCompany,0.74137931,0.25862069
BlueCamelCafe,0.702770781,0.297229219
BlueGardeniaNO,0.899665552,0.100334448
blueskiesnola,0.869158879,0.130841122
bmadba,0.946808511,0.053191489
bmansayswhat,0.747524752,0.252475248
BMcKinney909,0.83557047,0.16442953
bmolseed,0.838383838,0.161616162
BobToulsonBurke,0.892857143,0.107142857
bob_woodburn,0.295774648,0.704225352
bodegamalasana,0.651832461,0.348167539
bogotacKD,0.774603175,0.225396825
boinelle_romain,0.723809524,0.276190476
bokeh88,0.924324324,0.075675676
bonescosey,0.611650485,0.388349515
bonganinhlapo17,0.483870968,0.516129032
BonnieBRandall,0.626062323,0.373937677
BonnieeKiedis,0.448051948,0.551948052
BonniLedesma,0.627760252,0.372239748
Boogieboothnola,0.857142857,0.142857143
Boomersaurus,0.545751634,0.454248366
booobear_14,0.87804878,0.12195122
bootsy_17,0.56557377,0.43442623
borispelcer,0.378640777,0.621359223
Boris_Nguyen,0.533123028,0.466876972
bossichic,0.616099071,0.383900929
BottJody,0.84375,0.15625
BoyuZ,0.891666667,0.108333333
bozzelli_carmen,0.735294118,0.264705882
bp_kari32,0.526932084,0.473067916
BradRigoulot,0.594339623,0.405660377
BradTurville,0.814589666,0.185410334
Bradys_Landing,1,0
brahimchhit,0.262773723,0.737226277
BrainGig,0.975206612,0.024793388
brandonkenyon55,0.649122807,0.350877193
BrandonLal,0.736507937,0.263492063
Brandon_Blf,0.463601533,0.536398467
brandyp464,0.829545455,0.170454545
brankdollas,0.812121212,0.187878788
brannanscott64,0.905660377,0.094339623
BravoRIPhil,0.757575758,0.242424242
BrayanDeLaHoz19,0.958333333,0.041666667
breannalefneski,0.727272727,0.272727273
BreDiesel,0.75,0.25
bree_wurst,0.811881188,0.188118812
BrentHoffman1,0.774691358,0.225308642
brettbradshaw72,0.751592357,0.248407643
BrettWSperry,0.87804878,0.12195122
Bre_Mundy,0.637142857,0.362857143
bre_nicole1317,0.832278481,0.167721519
BrianaBQuinn,0.720720721,0.279279279
BrianCorday,0.80625,0.19375
BrianDiSab,0.65374677,0.34625323
briankiamba,0.73964497,0.26035503
BrianKolowitz,0.907284768,0.092715232
BrianMFraley,0.7,0.3
BriannaCommo,0.900641026,0.099358974
BrianPfrang,0.837837838,0.162162162
brian_deyoung,0.576419214,0.423580786
brian_georgeson,0.966887417,0.033112583
brian_youtuber,0.357142857,0.642857143
BricksClub,0.537593985,0.462406015
bridemberg,0.622895623,0.377104377
Bridgenti,0.923076923,0.076923077
bridoucette71,0.360128617,0.639871383
Brightree,0.672055427,0.327944573
BrightreeHHHO,0.70263789,0.29736211
Brigi68,0.958064516,0.041935484
brigitaMK,0.68373494,0.31626506
brigita_ekha,0.974683544,0.025316456
BrileyAnn23,0.801242236,0.198757764
britishteal,0.546808511,0.453191489
BrittanyAnn610,0.631043257,0.368956743
britt_mae89,0.973333333,0.026666667
BRNSRS,0.938848921,0.061151079
BroadComedy,0.723776224,0.276223776
BroadRunGC,1,0
BroadStreetLine,0.580985915,0.419014085
brookecreative,0.606177606,0.393822394
brooklyn_krone,0.9,0.1
BrooksTheGod,0.527687296,0.472312704
BrothaLuke,0.717717718,0.282282282
brrizzzzle,0.617760618,0.382239382
BruneParkSchool,0.777777778,0.222222222
Bruno_soaresr,0.864197531,0.135802469
BrushTuArt,0.955882353,0.044117647
brusomogyi,0.937704918,0.062295082
bryankelleybpk,0.872204473,0.127795527
BryanLucious,0.361702128,0.638297872
bryantuck,0.912621359,0.087378641
bryan_brune,0.951140065,0.048859935
BrycpP,0.684713376,0.315286624
bryharrell,0.716845878,0.283154122
brylovell,0.5,0.5
bryzkicetea,0.675585284,0.324414716
bseabolt33,0.768595041,0.231404959
bsitwesley,0.705,0.295
BTLightbody,0.3514377,0.6485623
BttbBoosterRon,0.561688312,0.438311688
BTTFQuotes1,0.961165049,0.038834951
BucknellCS,0.775,0.225
BucknellGrants,0.84984985,0.15015015
BucknellLIT,0.540441176,0.459558824
BucknellMath,0.983606557,0.016393443
BuckyProduction,0.752411576,0.247588424
buffalogospel,0.680751174,0.319248826
BuffettCC,0.577878104,0.422121896
Bugaloopeb,0.441077441,0.558922559
BuildStrongUSA,0.799126638,0.200873362
BuiltbyFlaws,0.785714286,0.214285714
bujdosoisaiah,0.769662921,0.230337079
Bunnielyz2carl,0.394957983,0.605042017
bunnywithsign,0.127627628,0.872372372
BUPerry,0.764705882,0.235294118
burhanaldroubi,0.903225806,0.096774194
BurnsGrp,0.73989899,0.26010101
bustatrades,0.622377622,0.377622378
BuyFilipino,0.74695122,0.25304878
BuyLegLamps,0.408376963,0.591623037
buzztodd,0.640939597,0.359060403
BuzzWhite,0.618483412,0.381516588
BU_ENGR,0.674473068,0.325526932
BWalloch,0.487323944,0.512676056
BYFD_Leth,0.412667946,0.587332054
byronimation,0.639344262,0.360655738
BYZAUC,0.559210526,0.440789474
b_fults_6,0.552238806,0.447761194
b_money888,0.930232558,0.069767442
B_M_Westbrook,0.694610778,0.305389222
c0nstantine_III,0.902356902,0.097643098
ca3a9867b4fb495,0.821548822,0.178451178
CaaptainMorgann,0.513661202,0.486338798
cadeditz,0.973770492,0.026229508
CadillacGabe,0.834394904,0.165605096
CadillacQYK,0.352517986,0.647482014
CAHSAHUpdates,0.530685921,0.469314079
caileydanielle,0.858006042,0.141993958
CaitlynShmatlyn,0.677419355,0.322580645
calanmoore,0.392207792,0.607792208
CalebLehman13,0.76203966,0.23796034
Callarda,0.902777778,0.097222222
calledtobeone,0.819944598,0.180055402
CalliSchillaci,0.888235294,0.111764706
callmerashi,0.470588235,0.529411765
callmeWHISKY,0.851851852,0.148148148
CalnTownship,0.889908257,0.110091743
CamelAthletics,0.602536998,0.397463002
camerie8,0.540616247,0.459383754
Cameronkyle03,0.983333333,0.016666667
CamiladelaHoz7,0.788990826,0.211009174
camilamarquez99,0.813813814,0.186186186
camilo_2107,0.842975207,0.157024793
cammxpp,0.851851852,0.148148148
CampaignsMcr,0.525210084,0.474789916
Campis_Lau,0.638020833,0.361979167
CamsZA,0.75074184,0.24925816
CanadianTMJohn,0.152892562,0.847107438
CandaceFayee,0.908496732,0.091503268
candeeshoppee,0.98989899,0.01010101
CandieW,0.8,0.2
CandyCrush1999,0.924137931,0.075862069
cannedtalent,0.379888268,0.620111732
CanneryNOLA,0.927797834,0.072202166
caocosmetics,0.906103286,0.093896714
capasul,0.887096774,0.112903226
CAPHigherEd,0.630289532,0.369710468
CapsLockSam,0.621621622,0.378378378
CapterraIT,0.847352025,0.152647975
CaraidArt,0.103286385,0.896713615
CarberryMedia,0.712062257,0.287937743
cardellw,0.877828054,0.122171946
CareBoundless,0.95,0.05
CaregiversA,0.737804878,0.262195122
CareVoyantHC,1,0
CareWatchInc1,0.889830508,0.110169492
Caricoats,0.876404494,0.123595506
CARLABsocial,0.376068376,0.623931624
carladulcete3,0.467307692,0.532692308
carlataverneira,0.94,0.06
carlojanea,0.828382838,0.171617162
carlosrobles198,0.68,0.32
CarlossHuerta,0.821316614,0.178683386
carlos_molina67,0.8375,0.1625
Carlos_Vivaldo,0.822006472,0.177993528
CarlyBlanchett,0.664031621,0.335968379
CarlyPenrose,0.775757576,0.224242424
CarlyRaex3,0.947368421,0.052631579
carmellaj97,0.610169492,0.389830508
carmsbebs,0.974358974,0.025641026
carollinvieira,0.714876033,0.285123967
CarolynArthurs1,0.817427386,0.182572614
carolyncomitta,0.606837607,0.393162393
caropapus,0.963934426,0.036065574
CaroReporting,0.764705882,0.235294118
CarrickKnights,0.429032258,0.570967742
carriefowlerea,0.856725146,0.143274854
CarrieTooman,0.287096774,0.712903226
carslayy,0.588957055,0.411042945
Carson_Heim_,0.825,0.175
CaseyMein,0.834951456,0.165048544
caseythomas97,0.840390879,0.159609121
CasperDeWinter,0.407284768,0.592715232
CassandraDowell,0.641221374,0.358778626
Cassandra_Lucci,0.779761905,0.220238095
cassanovy,0.659638554,0.340361446
castingshadowsx,0.712121212,0.287878788
castrosprodigy,0.960655738,0.039344262
CaswalP,0.513986014,0.486013986
CatherineKing10,0.781931464,0.218068536
CatriceTeira,0.560846561,0.439153439
CavsQStix,0.095940959,0.904059041
CBCPT,0.819494585,0.180505415
cbdaytonrealtor,0.983164983,0.016835017
CBGphotos,0.744075829,0.255924171
CBJerseyCityNJ,0.785714286,0.214285714
cbl_cranebank,0.648148148,0.351851852
CBMalta,0.913846154,0.086153846
cbouchard6824,0.60619469,0.39380531
cBroker13,0.696793003,0.303206997
ccampanellaa,0.801120448,0.198879552
ccgreen99,0.5,0.5
CCIPittsburgh,0.754666667,0.245333333
CCMVjVeriyan,0.692307692,0.307692308
CCorbett_,0.648148148,0.351851852
CCSaloon,0.970588235,0.029411765
CCSEPA,0.541871921,0.458128079
CCsustainable,0.641083521,0.358916479
CC_Admission,0.566371681,0.433628319
cdbongard,0.52398524,0.47601476
cdean18,0.769968051,0.230031949
cdutton12,0.93220339,0.06779661
ce6874,1,0
CeciliaCostaMen,0.539295393,0.460704607
Cedriic_Obin,0.925081433,0.074918567
ceemonrooij,0.702265372,0.297734628
ceirra_riddle,0.972972973,0.027027027
CelebVegasTours,0.372031662,0.627968338
CelloGirl123501,0.696629213,0.303370787
Cell_met,0.481203008,0.518796992
Cenibra,0.752688172,0.247311828
CenterHealthGov,0.754385965,0.245614035
centroprov,0.764705882,0.235294118
Cen_health,0.909937888,0.090062112
Cereul_,0.606557377,0.393442623
cesarhernandz23,0.996644295,0.003355705
cesuleth,0.84548105,0.15451895
CFAShepherd,0.165394402,0.834605598
CFTLatWestEd,0.785714286,0.214285714
cghtee,0.95480226,0.04519774
cgriffrun,0.69047619,0.30952381
chace_n_lulu,0.992805755,0.007194245
chachkidaily,0.128397918,0.871602082
chadbrennan17,0.6375,0.3625
ChadHolzer,0.725490196,0.274509804
chairmandances,0.476190476,0.523809524
Challyadds,1,0
ChampagneDropie,0.992805755,0.007194245
ChanceMaciolek,0.766381766,0.233618234
ChanningsMuva,0.617886179,0.382113821
chansubits,0.498349835,0.501650165
ChapelGrille,0.848837209,0.151162791
CHAP_Inc,0.738903394,0.261096606
charlesgravett1,0.794721408,0.205278592
CharlesLeblic,0.633136095,0.366863905
CharlieCaslick,0.743478261,0.256521739
charlie_rissy,0.830188679,0.169811321
charlottemlld,0.48,0.52
CharlvdMerwe,0.709677419,0.290322581
charmsnvamps,0.5375,0.4625
chatellucile,0.85625,0.14375
Chavezx6,0.921568627,0.078431373
chawesomegirl8,0.853820598,0.146179402
cha_lcs,0.597435897,0.402564103
cheaptweets850,0.793696275,0.206303725
cheesekaehmm,0.568690096,0.431309904
ChefAdamBklyn,0.462395543,0.537604457
ChefDerekQ,0.5,0.5
ChefEstie,0.426966292,0.573033708
ChefJaeclyn,0.47107438,0.52892562
ChefJJ_TX,0.676470588,0.323529412
ChefWithPen,0.823343849,0.176656151
chef_amaya,0.612698413,0.387301587
Chef_Kaitlyn,0.663551402,0.336448598
ChelleBulilit,0.866666667,0.133333333
ChellerChris,0.826086957,0.173913043
ChelseyTLowe,0.830409357,0.169590643
Chemical_spirit,0.822222222,0.177777778
chemonye,0.501960784,0.498039216
ChenShenKim,0.607594937,0.392405063
CherieA5011,0.967741935,0.032258065
CherilynnCheri,0.950617284,0.049382716
CherrelJacobs,0.882142857,0.117857143
cherylbaldwin67,0.26984127,0.73015873
chescobus,0.694736842,0.305263158
ChesCoDems,0.529411765,0.470588235
ChesCoLibrary,0.657534247,0.342465753
ChescoPlanning,0.848214286,0.151785714
ChescoPolitics,0.96969697,0.03030303
ChescoVictory10,0.9,0.1
ChesterCoEDC,0.648241206,0.351758794
CheyRescorl,0.488721805,0.511278195
chiarullinick,0.313664596,0.686335404
chiefjacqueline,0.507352941,0.492647059
ChielBecker,0.945337621,0.054662379
Chikkymo,0.986577181,0.013422819
ChilbertArenas,0.734567901,0.265432099
ChillieChill,0.787709497,0.212290503
CHIMECEO,0.61209068,0.38790932
chinchilla_206,0.632352941,0.367647059
ChipLowePR,0.5,0.5
ChitrapJoshi,0.961165049,0.038834951
Chivalme,0.653333333,0.346666667
chixx_09,0.782608696,0.217391304
chiyessa,0.765957447,0.234042553
ChloDreww,0.714689266,0.285310734
chloe_camxxx,0.956666667,0.043333333
chloe_fvrjn,0.857142857,0.142857143
choi_nom0222,0.324137931,0.675862069
chreko,0.72361809,0.27638191
ChrisCovone,0.903225806,0.096774194
ChrisJohnson474,0.831325301,0.168674699
chrisketels,0.427899687,0.572100313
ChrisOber,0.795180723,0.204819277
ChrisPetrullo_,0.68119891,0.31880109
ChrisSobel,0.736292428,0.263707572
ChrisStradling,0.682352941,0.317647059
ChrissyFromPDX,0.923857868,0.076142132
ChrissySparks4,0.851851852,0.148148148
CHRISTALFOX5,0.629032258,0.370967742
christel81570,0.603174603,0.396825397
christhinksthis,0.885,0.115
ChristiandreYow,0.539215686,0.460784314
ChristianWife1,0.581333333,0.418666667
ChristiesNpt,0.894039735,0.105960265
ChristieSuePINK,1,0
ChristMother,0.178807947,0.821192053
christydelregno,0.828025478,0.171974522
christy_herman,0.81981982,0.18018018
Chris_ndika,0.8,0.2
chriztophur,0.413043478,0.586956522
ChronicMarriage,0.792372881,0.207627119
Chuchu_Maureen,0.787234043,0.212765957
CiaMundung,0.819875776,0.180124224
CiaraSibbick,0.768656716,0.231343284
cimportugal_,0.532128514,0.467871486
CincyKissel,0.7875,0.2125
CindyDC_,0.483375959,0.516624041
CindykinSpace,0.90625,0.09375
Cindy_Nagel,0.844827586,0.155172414
CinsAngel42,0.225961538,0.774038462
citou1rapper,0.95,0.05
CitrusFoam,0.503012048,0.496987952
CityGirl118,0.794117647,0.205882353
CITY_ASSOCIATES,0.996632997,0.003367003
CJGENTRY25,0.764900662,0.235099338
cjohndeakin,0.414012739,0.585987261
Cjones11x,0.909090909,0.090909091
cjpop80,0.571428571,0.428571429
cjschmidt_,0.487261147,0.512738854
CJSTrey35,0.573200993,0.426799007
CJZM15,1,0
cj_barrett15,0.480225989,0.519774011
ckirmizitas,0.632653061,0.367346939
ClaireyFiler,0.842105263,0.157894737
clapdoor,1,0
ClaraBerlose,0.702564103,0.297435897
clareandreasons,0.461904762,0.538095238
clare_dejoy,0.581395349,0.418604651
claunavy,0.453846154,0.546153846
ClaussenFarmer,0.445783133,0.554216867
ClearviewNYC,0.807073955,0.192926045
ClementFroger,0.71875,0.28125
ClemonsJocelyn,0.372997712,0.627002288
Clem_frg,0.5,0.5
clesemartin,0.867741935,0.132258065
ClickClique,0.656934307,0.343065693
ClinSeqNews,0.771428571,0.228571429
clivefarringto1,0.719298246,0.280701754
CliveV1,0.75,0.25
clkehr,0.492753623,0.507246377
ClothandJustice,0.447761194,0.552238806
CloverCoin,0.570291777,0.429708223
ClubMarriage,0.898773006,0.101226994
clvicik,0.884297521,0.115702479
clydesdalefilly,0.58953168,0.41046832
cmaedu,0.307692308,0.692307692
CMAEDUatUF,0.653136531,0.346863469
CMARDLeth,0.6882494,0.3117506
Cmerolli,0.3375,0.6625
cmk_colloe,0.441860465,0.558139535
CmlbUs,0.986486486,0.013513514
cncfeed,1,0
CNCNZcom,0.711392405,0.288607595
cncownersoff,0.6,0.4
CnCSagaDE,0.992248062,0.007751938
cndyvo,0.526315789,0.473684211
cnewell15,0.533149171,0.466850829
CNNLADESK,0.893617021,0.106382979
cnxcnx,0.902439024,0.097560976
coachbmcknight,0.7,0.3
CoachClive10,0.807228916,0.192771084
coachdonowilson,0.948717949,0.051282051
CoachGarrett53,0.396475771,0.603524229
coachkscarlett,0.867507886,0.132492114
CoachLilisa,0.993311037,0.006688963
CoachTosches,0.75,0.25
Coach_Fadi,0.426470588,0.573529412
coach_malouf,0.95,0.05
Coach_Raitano,0.575757576,0.424242424
Coatesville_Ed,0.851282051,0.148717949
coby_osler,0.962962963,0.037037037
cocobiiz,0.784810127,0.215189873
cococolleen2001,0.755555556,0.244444444
COCONUTMILKYWAY,0.413690476,0.586309524
CodedInColch,0.778425656,0.221574344
Cody6860,1,0
codybigsexy1,1,0
CodyMunn_14,0.807228916,0.192771084
CodySvoboda44,0.943396226,0.056603774
cofilence,0.685714286,0.314285714
cohenj92,0.706070288,0.293929712
COHospitalAssn,0.830985915,0.169014085
colbywallace5,0.859813084,0.140186916
coldcaselovefic,0.030973451,0.969026549
ColdironCassie,0.62924282,0.37075718
ColeEshelman,0.392265193,0.607734807
coleleonoff,0.600760456,0.399239544
ColeMalouin,0.432748538,0.567251462
ColeShortliffe,0.5951417,0.4048583
collado193,0.815920398,0.184079602
collay26,0.785714286,0.214285714
collie_flowers,0.3514377,0.6485623
collingabriel79,0.539473684,0.460526316
colonelkerning,0.687296417,0.312703583
ColonelPlatypus,0.583554377,0.416445623
colonyfm,0.377777778,0.622222222
Colourworks_ZA,0.706806283,0.293193717
coltheiden,0.806122449,0.193877551
ColtonFritts,0.691275168,0.308724832
ColynePapin,0.893203884,0.106796117
ComedyConclave,0.85,0.15
ComicSansWords,0.983388704,0.016611296
Community_Magic,0.519916143,0.480083857
compa_rafa,0.922330097,0.077669903
comtelza,0.907643312,0.092356688
conan4363,0.157534247,0.842465753
Conkerberry,0.802777778,0.197222222
ConnColl2015,0.601769912,0.398230089
ConnCollAlums,0.551515152,0.448484848
ConnCollCareer,0.945512821,0.054487179
ConnCollSAC,0.653421634,0.346578366
connoc23,0.686046512,0.313953488
Connocat,0.807471264,0.192528736
ConnollyBrooke,0.347266881,0.652733119
connorcassidy18,0.786885246,0.213114754
connor_reddy,0.858552632,0.141447368
Conn_J_Will,0.867647059,0.132352941
ConorMoore,0.8,0.2
Consigli1Di,0.871621622,0.128378378
constanzapaler1,0.531073446,0.468926554
Consumablessafe,0.585365854,0.414634146
ConsumerRES,0.818181818,0.181818182
ContinuLink,0.95483871,0.04516129
ConversaLifetim,0.730392157,0.269607843
CookieThunder13,0.766773163,0.233226837
cool_boyZ_27,0.888888889,0.111111111
coopercomputer,0.923076923,0.076923077
corcoran_nyc,0.767801858,0.232198142
Cordell_Carl,0.664850136,0.335149864
corentinandrea,0.78021978,0.21978022
Coren_Tin,0.86557377,0.13442623
Cormier2,0.194244604,0.805755396
CornellGPSA,0.952380952,0.047619048
CornellJoeS,0.706443914,0.293556086
CorOfTheBridge,0.551643192,0.448356808
cosby_aubrie,0.785714286,0.214285714
CosciaMoosArch,0.865,0.135
coshannonmarie,0.616666667,0.383333333
cossio_pedro,0.157894737,0.842105263
CouncilOfFools,0.764705882,0.235294118
countryNYC,0.540650407,0.459349594
CountyGazetteEd,0.587053571,0.412946429
CoupleCheckup,0.702702703,0.297297297
CoupleCheckupAU,0.87654321,0.12345679
courtneyjonaire,0.938511327,0.061488673
CovenantStand,0.740875912,0.259124088
covenantstander,0.845588235,0.154411765
cowboyswife07,0.884375,0.115625
CoyoteLuckArt,0.489104116,0.510895884
CO_Rheumatology,0.582089552,0.417910448
cpeters97,0.737609329,0.262390671
cpickensNYC,0.962962963,0.037037037
cpokeefe,0.761658031,0.238341969
CPoTweetsStuff,0.256134969,0.743865031
craigmoses14,0.359477124,0.640522876
CraigPeebles,0.513846154,0.486153846
craigsikora,0.498381877,0.501618123
craig_ctucker,0.464212679,0.535787321
CrazyBlue,0.866883117,0.133116883
CrefloDollar6,0.888888889,0.111111111
CrepeWizard,0.863013699,0.136986301
CrestronInt_MKT,0.648351648,0.351648352
Crevy_Evy,0.841935484,0.158064516
CREW_Philly,0.618534483,0.381465517
Cribit_Taylor,0.546827795,0.453172205
CRissaGK,0.902173913,0.097826087
crisssy_xoxo,0.639393939,0.360606061
cristia66166705,0.992805755,0.007194245
cristianoms,0.813953488,0.186046512
CristinaMerily1,0.720930233,0.279069767
CristobalGil_Lu,0.977272727,0.022727273
cri_tique,0.751633987,0.248366013
CRMFundMachiner,0.97752809,0.02247191
CrossCultureVC,0.372197309,0.627802691
CrossyChicken,0.3125,0.6875
crowdedworlds,0.505494505,0.494505495
crthorsen,0.763975155,0.236024845
CrushtheRobot,0.710526316,0.289473684
CryssNaranjo,0.965277778,0.034722222
crystalheart31,0.53125,0.46875
crzydemona,0.379888268,0.620111732
csouthern_bunny,0.819397993,0.180602007
CTKerchner,0.882175227,0.117824773
CT_HealthAtHome,0.805232558,0.194767442
CUKPublicLife,0.490721649,0.509278351
culiquip,0.924657534,0.075342466
CupidRunCLE,0.450155763,0.549844237
CuppersCoffee,0.680161943,0.319838057
CURE_NY,0.748648649,0.251351351
Curls4_ThaGurls,0.824773414,0.175226586
Curtis1864,0.635135135,0.364864865
cutee_sidharth,0.435897436,0.564102564
cuteri22,0.629139073,0.370860927
cutsykid3,0.764705882,0.235294118
cuttie_annryl,0.950819672,0.049180328
Cuupcakeeee,0.862416107,0.137583893
CVTrail,0.646766169,0.353233831
CWeddingBliss,0.95,0.05
cw_venkatrangan,0.777777778,0.222222222
CyberFame247,0.564885496,0.435114504
CynthiaCCarter,0.948717949,0.051282051
CyrusAlderwood,0.559210526,0.440789474
czatwins11,0.993265993,0.006734007
czerpak_,0.841463415,0.158536585
c_alexandra03,0.474777448,0.525222552
c_haise,0.678010471,0.321989529
C_J_Williams,0.435294118,0.564705882
c_mille,0.685459941,0.314540059
c_seneca,0.308558559,0.691441441
c_thompson6,0.8125,0.1875
C_Z_3,0.768292683,0.231707317
D10Athletics,0.648979592,0.351020408
d13locker,0.604166667,0.395833333
d4mjan,0.857142857,0.142857143
d4v3g,0.559006211,0.440993789
d869115a00354ba,0.424242424,0.575757576
daanblaack,0.655629139,0.344370861
daccraft,0.232248521,0.767751479
DaevTV,0.842105263,0.157894737
daftgula,0.875,0.125
daggs_linds,0.523952096,0.476047904
dailydapper,0.959016393,0.040983607
dailyfor69,1,0
DailyMarBuilder,0.779527559,0.220472441
DailyUnicorn,0.814102564,0.185897436
Daily_Marriage,0.521008403,0.478991597
Dakota_Roice206,0.688821752,0.311178248
dalasaoudi,0.553030303,0.446969697
daldridgecsn,0.844444444,0.155555556
Dalek_Fire,0.945945946,0.054054054
dale_scoc,0.735294118,0.264705882
Dalia_bm,0.891625616,0.108374384
daljawamis,0.867088608,0.132911392
dallas22texas,0.89556962,0.10443038
Dallasx06,0.738170347,0.261829653
DALUX_,0.659793814,0.340206186
damibarrio,0.658536585,0.341463415
Damienking244,0.5,0.5
DanaAbdeen_,0.588235294,0.411764706
Dananoel17,0.698591549,0.301408451
dana_lewin,0.78525641,0.21474359
Danbharathy,0.782608696,0.217391304
Danbolivar12,0.926282051,0.073717949
DancunAwitty,0.857142857,0.142857143
dane_dub,0.947368421,0.052631579
DANGERMAN57,0.788732394,0.211267606
DaniaIstaitie,0.788990826,0.211009174
danielgjoede,0.620689655,0.379310345
DanielLassman,0.714285714,0.285714286
daniellebowers_,0.861244019,0.138755981
DanielleCotillo,0.804878049,0.195121951
daniellenasuti,0.520408163,0.479591837
DanielMallia,0.571428571,0.428571429
danielmonty2,0.958762887,0.041237113
danielmunns1,0.785714286,0.214285714
DanielNealAdler,0.333333333,0.666666667
daniraee,0.688356164,0.311643836
DaniSrVendetta,0.666666667,0.333333333
DANKOMISITA,0.43902439,0.56097561
dannie_brookee,0.658854167,0.341145833
DannyJonokuchi,0.609004739,0.390995261
DannyLean,0.943708609,0.056291391
danny_l22,0.920529801,0.079470199
Danny_Mcfc,0.466666667,0.533333333
danny_noel91,0.9030837,0.0969163
DaNoobSays,0.777108434,0.222891566
dansavage_art,0.639902676,0.360097324
dantestrading,0.770234987,0.229765013
dantilstra,0.659574468,0.340425532
danyk395,0.821086262,0.178913738
DaoustAshley,0.734693878,0.265306122
dapuckster,0.707831325,0.292168675
DarkNessie2,0.290909091,0.709090909
DarknessLoveer,0.736231884,0.263768116
DarkRoux,0.964169381,0.035830619
darksinful,0.026755853,0.973244147
DarleneHebert,0.71875,0.28125
DarlinMartor,0.852459016,0.147540984
DarO__XD,0.75308642,0.24691358
DarrylBurnett,0.343283582,0.656716418
Darsh726,0.983108108,0.016891892
DarusPoken,0.731707317,0.268292683
DaseinUltimate,0.68,0.32
DateBritishGuys,0.9375,0.0625
DateNightEvent,0.948881789,0.051118211
davefraleigh,0.542635659,0.457364341
DaveMAdams,0.623595506,0.376404494
DaveNelsen2,0.731958763,0.268041237
davepollackjazz,0.936046512,0.063953488
davesworld57,0.785714286,0.214285714
DaveyOil,0.376470588,0.623529412
DavidBordwell,0.980952381,0.019047619
daviddring,0.728706625,0.271293375
davidjunge,0.843373494,0.156626506
davidkyang,0.794326241,0.205673759
DavidPaulStudio,0.136363636,0.863636364
davidsglynn,0.914634146,0.085365854
davids_dale,0.939393939,0.060606061
DavidWoolley3,0.837209302,0.162790698
David_Lehr,0.580645161,0.419354839
david_macmurchy,0.888888889,0.111111111
David_Zedd,0.698347107,0.301652893
DavisJamie77,0.697127937,0.302872063
DavzFavz,0.833333333,0.166666667
DawnBlackRose,0.57,0.43
DawnDiva13,0.984615385,0.015384615
dawnr48,0.784722222,0.215277778
DawoodEngineers,0.419213974,0.580786026
DawoodHussain1,0.789473684,0.210526316
DawsonDuff,0.457556936,0.542443064
daymstan,0.345098039,0.654901961
DAYOCONNOLLY,0.582089552,0.417910448
DaySpaSavannah,0.279352227,0.720647773
DayZCharacter,0.961165049,0.038834951
Dazzumbledor,0.715210356,0.284789644
Da_SNUMack369,0.592105263,0.407894737
DBalj,0.802816901,0.197183099
dbao,0.487179487,0.512820513
dbehee,0.996621622,0.003378378
DBigoness,0.789473684,0.210526316
dbocchino24,0.673295455,0.326704545
dbricetyler,0.61682243,0.38317757
dburkes10,0.0625,0.9375
dchistorydept,0.513888889,0.486111111
DCMathsDept,0.88,0.12
dcoachman6,0.605797101,0.394202899
dddarrengill,0.880769231,0.119230769
DdsmOrr,0.548717949,0.451282051
ddyahsuci,0.919732441,0.080267559
ddyYue,1,0
DeanIdieKesner,0.236686391,0.763313609
dearshakti,0.65,0.35
DeathOverDecaf,0.595108696,0.404891304
DebbieOlsen01,0.71978022,0.28021978
debbimarks1,0.549828179,0.450171821
Debbypradianto,0.629508197,0.370491803
DeborahSills,0.727828746,0.272171254
DeboraMykoluk,0.889570552,0.110429448
DebraCheatham,0.712062257,0.287937743
debster0701,0.064935065,0.935064935
deb_staub,0.659459459,0.340540541
Dedxz,0.229559748,0.770440252
DEEJ_KID,0.266304348,0.733695652
deemaritz,0.911392405,0.088607595
deepikadharnaik,0.742690058,0.257309942
deepitome2015,0.890675241,0.109324759
DeerbrookMall,0.944134078,0.055865922
DeeSportsGuru,0.9375,0.0625
defesa_digital,0.37007874,0.62992126
defqwop,0.81981982,0.18018018
Degrazy,0.851735016,0.148264984
DejanVitezovic,0,1
dejesussteven11,0.900641026,0.099358974
DelaneyGerhart,0.75304878,0.24695122
delhighar,1,0
DelhiNoidaProp,1,0
DeltaHealthTech,0.867692308,0.132307692
DeltaTIgroup,0.578833693,0.421166307
demarshmallow69,0.957446809,0.042553191
DemetriusMJames,0.568965517,0.431034483
DemiKarras6,0.700296736,0.299703264
dens_milly,0.743315508,0.256684492
derekalvarado50,0.68119891,0.31880109
DerekCompeau,0.328947368,0.671052632
DerickDW,0.986531987,0.013468013
DerrickLopez98,0.778481013,0.221518987
designery22,0.842857143,0.157142857
desigualno,1,0
deste24,0.443452381,0.556547619
DestinyMcMurray,0.588235294,0.411764706
destroyK0,0.670588235,0.329411765
detonatorbrand,0.719346049,0.280653951
DetroitComics,0.671597633,0.328402367
deVereMalaysia,0.913043478,0.086956522
DeviBrigard,0.688995215,0.311004785
devita180,0.956666667,0.043333333
DeviTenges,0.989932886,0.010067114
devonmoreno6,0.524637681,0.475362319
Devon_Digital,0.515789474,0.484210526
Dev_LocTavii222,0.850609756,0.149390244
DexterLabP,0.725433526,0.274566474
Deyta_Analytics,0.824712644,0.175287356
DeyVarah,0.263610315,0.736389685
dfrenchcasat,0.490421456,0.509578544
DGalente,0.935483871,0.064516129
dhledbetter,0.898648649,0.101351351
DiabloLeveling,0.99382716,0.00617284
dianaaavee,0.77258567,0.22741433
diane196030,0.411764706,0.588235294
dianejenflores,0.819078947,0.180921053
dianerule,0.95,0.05
DianneYanda,0.788590604,0.211409396
dianymej45,0.847619048,0.152380952
diaralkaldy,0.539325843,0.460674157
diegomontes16,0.61369863,0.38630137
diegonachmann,0.95,0.05
Dieselwon2012,0.541666667,0.458333333
DigInMules,0.63125,0.36875
digitalmaximal,0.789317507,0.210682493
DigitalPlymouth,0.646067416,0.353932584
dillelicious,0.5375,0.4625
DimeStudios,0.584615385,0.415384615
DinaKawar1,0.720588235,0.279411765
Dinashawar,0.576119403,0.423880597
Dindamdr,0.473684211,0.526315789
Dinewithjemutai,0.642857143,0.357142857
dipishrai,0.702380952,0.297619048
DisabledKevin,0.336419753,0.663580247
discepolan,0.901315789,0.098684211
DiscoverItHere,0.30880579,0.69119421
DiscoverWarren,0.813559322,0.186440678
DisruptionAlert,0.704225352,0.295774648
DitaBelaPutri,0.775577558,0.224422442
DixonMash,0.927392739,0.072607261
Djaaaaayy,0.898360656,0.101639344
DJAFothergill,0.552631579,0.447368421
djammidersnilld,0.707423581,0.292576419
DJdotTree,0.78313253,0.21686747
djeazy55,0.707100592,0.292899408
DjEmpez,0.805642633,0.194357367
DjGrasshole,0.33968254,0.66031746
Djidji_KV25,0.1352657,0.8647343
djitallkenya,0.370936902,0.629063098
djmaimone,0.521857924,0.478142077
DJMNE1,0.655502392,0.344497608
djpowers25,0.634146341,0.365853659
djsmartvil1,0.303571429,0.696428571
DJTyga_SA,0.588983051,0.411016949
djvxfaisal,0.93442623,0.06557377
dkdyosa,0.966777409,0.033222591
DKornetti,0.562982005,0.437017995
DMacLean15,0.95959596,0.04040404
Dmadm1n,0.771812081,0.228187919
DMarketHall,0.635555556,0.364444444
DMcFarlinUF,0.405405405,0.594594595
DMenefeeLibey,0.726470588,0.273529412
dmiller0464,0.880239521,0.119760479
dmoses90,0.844155844,0.155844156
Dnae_Marie,0.497282609,0.502717391
docarsenic,0.347826087,0.652173913
docjarv,0.811447811,0.188552189
docligot,0.948220065,0.051779935
DocRickMarsha1,0.502136752,0.497863248
Doda9,0.88852459,0.11147541
dodeene,0.674242424,0.325757576
dogpuke_,0.980392157,0.019607843
DohaBen,0.747720365,0.252279635
DohaBSchool,0.681388013,0.318611987
DohaCollegeAlum,0.722807018,0.277192982
DohaCollegeIA,0.627408994,0.372591006
DohaCSocial,0.582733813,0.417266187
DohaExpat,0.852631579,0.147368421
dohaexpat07,0.849557522,0.150442478
DohaExpatsInfo,0.887323944,0.112676056
Doigenstein,0.947368421,0.052631579
dominicguyot,0.519607843,0.480392157
DominosTaunton,0.882352941,0.117647059
DomPRaven,0.681063123,0.318936877
DonBaney111,0.723837209,0.276162791
dongman_81,0.359853121,0.640146879
DonLunn,0.283464567,0.716535433
DonnaHeidersche,0.236111111,0.763888889
DonnieWark,0.810397554,0.189602446
donniker12,0.677419355,0.322580645
donovanerba,0.832298137,0.167701863
donscheibenreif,0.704834606,0.295165394
dontstalkme800,0.728571429,0.271428571
Dopeman_24,0.88,0.12
doragirl14,0.848484848,0.151515152
DoranSummers,0.976510067,0.023489933
DoraPrez4,0.740740741,0.259259259
Dorcholac,0.512903226,0.487096774
doriane_hdr,0.582872928,0.417127072
doruntinakozhan,0.623762376,0.376237624
dottieevans14,0.366261398,0.633738602
Doublelobe7,0.660066007,0.339933993
DougCraven,0.731707317,0.268292683
Dougie_412_,0.822580645,0.177419355
dougkolson,0.900332226,0.099667774
downtownstudio,0.738562092,0.261437909
DoYouGetScared,0.63125,0.36875
DPierce72,0.574534161,0.425465839
DPurcell17,0.683453237,0.316546763
dp_mindoktor,0.884615385,0.115384615
DQstarterpacks,0.467692308,0.532307692
dramil13,0.462962963,0.537037037
DrAnderson19,0.824675325,0.175324675
DrCurlytek,0.215434084,0.784565916
DrDavesPlace,0.795580111,0.20441989
DreadRockSound,0.583333333,0.416666667
dreamembr,0.566037736,0.433962264
DreamFoxStudio,0.836575875,0.163424125
dremer_zee,0.712121212,0.287878788
driesDP,0.722513089,0.277486911
driftwood_mag,0.49789916,0.50210084
DrinkandaCake,0.899350649,0.100649351
DripDropSA,0.669099757,0.330900243
DRJ_WR2Remember,0.513196481,0.486803519
DrKlippel,0.625,0.375
DrMcCleese,0.794561934,0.205438066
Drobnjak_IzAuta,0.441860465,0.558139535
drosentrater,0.754098361,0.245901639
DrPopovicPop,0.901234568,0.098765432
DrProfBlackLady,0.679586563,0.320413437
DrSidWave,0.064971751,0.935028249
dsantos913,0.804054054,0.195945946
dsholler,0.696629213,0.303370787
DSPCSUSB,0.379591837,0.620408163
dssc36,0.909375,0.090625
dtadgh,0.302325581,0.697674419
dthompson01,0.732142857,0.267857143
dts_designs,0.709183673,0.290816327
duane_08,0.568807339,0.431192661
dubcnews,0.996644295,0.003355705
DublinDragons,0.540594059,0.459405941
DublinVipers,0.912280702,0.087719298
dukechick6682,0.334437086,0.665562914
duncanmbodze2,0.264705882,0.735294118
Duncan_Bramwell,0.907894737,0.092105263
dushiness,0.896103896,0.103896104
Dvulgobg,1,0
dwinters24,0.529880478,0.470119522
dx_camille,0.455852156,0.544147844
dylanswallet,0.305555556,0.694444444
Dylan_Weiding_,0.843558282,0.156441718
DynamoKickstand,0.722222222,0.277777778
D_and_J1,0.637462236,0.362537764
d_caravaca,0.590163934,0.409836066
D_ENGEL000,0.642384106,0.357615894
D_Russ115,0.730650155,0.269349845
D_Sim15,0.624535316,0.375464684
D_Thorn123,1,0
e671046e2c5b424,0.812206573,0.187793427
eagano,0.916666667,0.083333333
EanDunn,0.434210526,0.565789474
EastJesusArt,0.828571429,0.171428571
east_goshen,0.739583333,0.260416667
easybuilder_in,0.908045977,0.091954023
ebrahiem_adams,0.415204678,0.584795322
ebrianhughes,0.904290429,0.095709571
echapmanb,0.425287356,0.574712644
ECHOcastsKrieg,0.644654088,0.355345912
echoedwalls,0.96345515,0.03654485
econnor24,0.7696793,0.2303207
ECULLEN1,0.407294833,0.592705167
EdBiden,0.748366013,0.251633987
edbraddy,0.748466258,0.251533742
edenmarriage,0.76,0.24
edennigeria,0.803921569,0.196078431
EDiConsiglio,0.644194757,0.355805243
edogeka,0.359477124,0.640522876
Edo_DAle,0.76,0.24
eduardoduclos,0.953947368,0.046052632
Eduardo_J_Gomez,0.898148148,0.101851852
eduardsputra,0.868421053,0.131578947
EduTisha,0.54,0.46
edvaldoavila,0.840707965,0.159292035
EecoValley,0.851973684,0.148026316
EelButt,0.800632911,0.199367089
Eeoor,0.555910543,0.444089457
eerikrojas,0.801980198,0.198019802
efirenzaputra,0.707936508,0.292063492
egalitaria,0.74516129,0.25483871
egarrity21,0.882352941,0.117647059
egeorgiou88,0.473354232,0.526645768
egross69,0.954918033,0.045081967
ehardy_123,0.954545455,0.045454545
ehdzxcvbnm,0.836120401,0.163879599
eiselein,0.641337386,0.358662614
ejc2776,0.5,0.5
Ejiigwuonyi,0.936241611,0.063758389
ejm3d,0.643564356,0.356435644
eKamineth,0.809210526,0.190789474
Ekey_027,0.733333333,0.266666667
ekkosecurity,0.939393939,0.060606061
Ekonomista3,0.738095238,0.261904762
ekston,0.522727273,0.477272727
ElementalSpirit,0.941176471,0.058823529
ElfridsHair,0.52238806,0.47761194
elise_gdn,0.569844789,0.430155211
elissaeubanks00,0.983277592,0.016722408
EliteBallerAb1,0.916666667,0.083333333
Elizabe85727641,0.563049853,0.436950147
elizabeth027845,0.777777778,0.222222222
ElizabethLundg1,0.948717949,0.051282051
eliza_crouton,0.666666667,0.333333333
eljuanguti02,0.062146893,0.937853107
elkie_14576,0.96875,0.03125
EllaUndercover,0.927272727,0.072727273
ellencollardmyp,0.712121212,0.287878788
elleneschwartz,0.960526316,0.039473684
EllenFarley13,0.653631285,0.346368715
EllePastula,0.711180124,0.288819876
ellieellie586,0.954773869,0.045226131
Ellie_W89,0.520504732,0.479495268
ellis_kevaughn7,0.523668639,0.476331361
elmchoalfa,0.161764706,0.838235294
ElmsMansion,0.831932773,0.168067227
ELODIE12345678,0.942528736,0.057471264
eloisabacanto,0.682119205,0.317880795
eloisechaplinYP,0.719298246,0.280701754
eloisedenti_,0.5,0.5
eloise_hblt,0.52617801,0.47382199
EloyNeyens,0.681063123,0.318936877
ElsieMbatha,0.958083832,0.041916168
ElysiaKrupp,0.673184358,0.326815642
el_Luap,0.642201835,0.357798165
El_Phenomenoo,0.618181818,0.381818182
El_Punisher,0.703821656,0.296178344
emadasghar,0.845454545,0.154545455
EmAndEmz7,0.60591133,0.39408867
EMCSwitzerland,0.740932642,0.259067358
EmDawgMillion,0.761904762,0.238095238
emehesz8,0.783410138,0.216589862
EmelineVln,0.620915033,0.379084967
EmergentSearch,0.976588629,0.023411371
emeth007,0.685950413,0.314049587
emibakes,0.614379085,0.385620915
emileebake,0.454545455,0.545454545
EmilioMateuJi,0.9,0.1
emily14shelton,0.712209302,0.287790698
emilyahelmuth,0.615062762,0.384937238
emilyburchy,0.504297994,0.495702006
EmilyFiggis,0.556634304,0.443365696
emilyfstevens,0.389937107,0.610062893
EmilyLoren3,0.921052632,0.078947368
emilysanders2,0.699115044,0.300884956
EmilySimmonds93,0.870550162,0.129449838
emilyslivinskii,0.578212291,0.42178771
emilyyjaimes,0.761764706,0.238235294
EmilyyMerino,0.33266129,0.66733871
Emily_BHR,0.736111111,0.263888889
Emily_Mowder,0.779552716,0.220447284
emleebakes,0.981132075,0.018867925
emmacreasytime,0.430517711,0.569482289
emmaholder,0.694369973,0.305630027
EmmaJ_XPP,0.515923567,0.484076433
EmmaKAugustine,0.819148936,0.180851064
EmmaLederer,0.86984127,0.13015873
emmam125,0.724299065,0.275700935
Emman_Great,0.819397993,0.180602007
EmmaSashaa,0.974358974,0.025641026
emmaskledar29,0.618181818,0.381818182
emmers97,0.609907121,0.390092879
emmettisjack,0.825327511,0.174672489
emme_Mercy,0.6,0.4
emmmafiore,0.595870206,0.404129794
emmyalter,0.668874172,0.331125828
emmyleexpp,0.722222222,0.277777778
emosbargo1,0.841269841,0.158730159
emo_x_bunny,0.931034483,0.068965517
EmrahSoezener23,0.1375,0.8625
emrekrdg,0.862876254,0.137123746
emurphy7721,0.047619048,0.952380952
Emy199O,0.233463035,0.766536965
Em_Em_pink,0.631578947,0.368421053
Em_the_potatoe,0.712765957,0.287234043
Enaxn1,0.234756098,0.765243902
encantadamc,0.212669683,0.787330317
Enda_Mahatva,0.869565217,0.130434783
enduringdelilah,0.54516129,0.45483871
Engi9e,0.903448276,0.096551724
engineeringppl,0.840909091,0.159090909
enicarnangoi,0.884735202,0.115264798
enicar_,0.87195122,0.12804878
EnjaGuarda95,0.955357143,0.044642857
enjoihsu,0.852090032,0.147909968
enjoyyourwife,0.867924528,0.132075472
ennissean_,0.523076923,0.476923077
EnockDejavu,0.810344828,0.189655172
Enrichmarriages,0.870967742,0.129032258
EnriqueHuglin,0.96460177,0.03539823
entremommy,0.714828897,0.285171103
entropy_phi,0.5,0.5
Environetics,0.65270936,0.34729064
enzoflocchini,0.86407767,0.13592233
EN_MSSTATE,0.411764706,0.588235294
eotterman_,0.839506173,0.160493827
EpiclyEpicJJ,0.789968652,0.210031348
ep_nola,0.926315789,0.073684211
Erelcaroline,0.818770227,0.181229773
erelline,0.916666667,0.083333333
ericaajacks,0.667673716,0.332326284
EricaGeorge,0.561728395,0.438271605
ericamendevil,0.843137255,0.156862745
ericapglenn,0.73556231,0.26443769
EricBlackIsHere,0.917647059,0.082352941
EricJMartin,0.579081633,0.420918367
Ericksirali,0.761494253,0.238505747
EricVonCountry,0.570652174,0.429347826
ericwhatsnext,0.746666667,0.253333333
ericzealani,0.73015873,0.26984127
Eric_Alvin_,0.92721519,0.07278481
ErikaHofacker7,0.770833333,0.229166667
erikastdavis,0.74433657,0.25566343
erikljungphoto,0.54756871,0.45243129
erikneue,0.703703704,0.296296296
erinkljones,0.653846154,0.346153846
erinrooney12,0.859872611,0.140127389
Erorentals,0.305825243,0.694174757
Errorkoko,0.507042254,0.492957746
eruptenn,0.921052632,0.078947368
esacks7,0.681818182,0.318181818
esa_uon,0.663265306,0.336734694
escarey,0.642140468,0.357859532
EscobarClark,0.627906977,0.372093023
EsDecancha,0.489932886,0.510067114
eSolutions_Inc_,0.931034483,0.068965517
espiotto,0.493119266,0.506880734
esquire_mike,0.658263305,0.341736695
EssaH52,0.993243243,0.006756757
EstelleAbn,0.53271028,0.46728972
Ester_jvita,0.917981073,0.082018927
estheralsina,0.790560472,0.209439528
Estherbrt,0.790123457,0.209876543
ES_Chrizz,0.636690647,0.363309353
ethacahyadi,0.98,0.02
ETKoconis,0.811634349,0.188365651
eusou7a,0.775510204,0.224489796
ev13volk,0.846153846,0.153846154
EvanEvan75,0.842105263,0.157894737
evangalin,0.717579251,0.282420749
EvanMPeck,0.660869565,0.339130435
Evan_Boyd412,0.87654321,0.12345679
Evegg4,0.970394737,0.029605263
evenneman,0.936102236,0.063897764
Evensg,0.915966387,0.084033613
eventrealestate,0.891156463,0.108843537
EventRental,0.903426791,0.096573209
eve_kilel,0.641304348,0.358695652
evie_ward1919,0.847457627,0.152542373
Evihui,1,0
EvilyNicole,0.76744186,0.23255814
evilzug,0.648902821,0.351097179
EvolvingGender,0.766570605,0.233429395
EvVcCo,0.584,0.416
EvyZenaida,0.912087912,0.087912088
ExpatGenius,0.662004662,0.337995338
ExpatPip,0.576802508,0.423197492
Expat_Chat,0.891566265,0.108433735
ExtonChamber,0.961165049,0.038834951
ezchoi,0.894117647,0.105882353
e_hubes,0.805732484,0.194267516
fa1zaI,0.55799373,0.44200627
faabs_322,0.699059561,0.300940439
Fabianes15,0.731788079,0.268211921
FabianRealpe,0.620689655,0.379310345
fabienne_Zre,0.509259259,0.490740741
facetofeet_ID,0.908045977,0.091954023
faheyauctions,0.941368078,0.058631922
faine_goldman,0.516129032,0.483870968
fairweatherfive,0.719298246,0.280701754
fairygodmomma,0.174285714,0.825714286
faisalkawar,0.808259587,0.191740413
fajariansyah,0.791530945,0.208469055
fakeb0yfriend,0.56,0.44
fakeleerowley,0.9,0.1
FamilyBiznessTV,0.712643678,0.287356322
FamilyBuildersC,0.960264901,0.039735099
FAN717,0.908629442,0.091370558
FaniMutiaraa,0.919354839,0.080645161
FansOldDominion,0.756097561,0.243902439
FantasyNov4,0.696721311,0.303278689
Fares_Kakish,0.176470588,0.823529412
farlinalpha,0.182741117,0.817258883
farmingmeme,0.562340967,0.437659033
farmingtofeed,0.817629179,0.182370821
FarmLeague,0.825153374,0.174846626
fashionbymika,0.332089552,0.667910448
FatinaAlAhmad,0.7,0.3
fawnderful,0.909967846,0.090032154
FayekAK,0.8,0.2
FBBM15,0.720496894,0.279503106
FBregman,0.932692308,0.067307692
FBYBG_JAIR,0.575221239,0.424778761
fckyesmichelle,0.713692946,0.286307054
FDeLucia,1,0
fdmathis819,1,0
fd_rico,0.386363636,0.613636364
FearTheBrown,0.567307692,0.432692308
Febriiyoga,0.850649351,0.149350649
FECTOK,0.765517241,0.234482759
federmanestrada,0.742424242,0.257575758
feinhilkia,0.889230769,0.110769231
FelgenTweets,0.577868852,0.422131148
feliciajmr7,0.481595092,0.518404908
FelixObora,0.626760563,0.373239437
Felix_KSang,0.138461538,0.861538462
femuria1,0.31884058,0.68115942
Fernando_wulur,0.779605263,0.220394737
FertileUG,0.929411765,0.070588235
FezProvidence,0.781818182,0.218181818
fgortazar,0.710526316,0.289473684
fiddi,0.842424242,0.157575758
FifthHarmonia2,0.931034483,0.068965517
Fifthharmony969,0.931034483,0.068965517
fiftydornans,0.403035413,0.596964587
FightMuayThai,0.913043478,0.086956522
Fight_Diary,0.613207547,0.386792453
Film_diSpencer,0.452950558,0.547049442
FinesseIM,0.868035191,0.131964809
FireflyAmbiance,0.824840764,0.175159236
Firequill,0.741935484,0.258064516
First5Assoc,0.579710145,0.420289855
fishermanTINGO,0.528428094,0.471571906
FishingHuntingP,0.741935484,0.258064516
FitnessMedico,0.371681416,0.628318584
FiveFoldIreland,0.869047619,0.130952381
fjhr,0.88372093,0.11627907
fjsmoove,0.805555556,0.194444444
FJZavala,0.809061489,0.190938511
flaniel,0.631921824,0.368078176
FlanYAjo,0.530474041,0.469525959
FlatRoofManor,0.553191489,0.446808511
Flavie_Pinthon,0.647727273,0.352272727
fleurdecuers,0.743362832,0.256637168
fleurgunn,0.801829268,0.198170732
Floor336,0.662790698,0.337209302
florencetaguba,0.863787375,0.136212625
FlorMaciel77,0.762987013,0.237012987
flowerrgod,0.863636364,0.136363636
flukeout,0.225352113,0.774647887
fluttergame,0.794520548,0.205479452
Flvckxo22,0.685714286,0.314285714
flynnstone70,1,0
FOBA69,0.6,0.4
FoodInstUofG,0.473344103,0.526655897
foolhardyGames,0.387464387,0.612535613
ForciPafo,0.914728682,0.085271318
Foreclosure2Fab,0.875,0.125
ForeverSprayBae,0.926315789,0.073684211
Forever_Works,0.904761905,0.095238095
FortWhoopUp,0.609170306,0.390829694
ForzaBlues19,0.818181818,0.181818182
fosisnorth,0.792507205,0.207492795
FostersFreeForm,0.284090909,0.715909091
fosterwblake,0.35,0.65
FOX5DESK,0.274096386,0.725903614
fr0styjenn,0.7,0.3
FrancisCauffman,0.604651163,0.395348837
FrankelMedia,0.918604651,0.081395349
franklychilli,0.913043478,0.086956522
FrazzyJazzy7,0.602006689,0.397993311
freddieinstein,0.8,0.2
FrederickSFWong,0.9,0.1
FrediDervis,0.489795918,0.510204082
FrediZohar,1,0
Freelinked,0.842696629,0.157303371
freeseDreams,0.943333333,0.056666667
Freestyle_ZiNeZ,0.323333333,0.676666667
FreeVentures,0.564444444,0.435555556
FremontRealty,0.916666667,0.083333333
FrenchRetailers,0.877697842,0.122302158
frexkish,0.996078431,0.003921569
frickeradio,0.626086957,0.373913043
fromallfields,0.572368421,0.427631579
frosted_delight,1,0
FrostfireAudio,0.338842975,0.661157025
fsambai,0.52238806,0.47761194
fugee37,0.595611285,0.404388715
funkyfield,0.986577181,0.013422819
funkyj,0.676880223,0.323119777
Funnelbox,0.653333333,0.346666667
funnydanchopin,0.592,0.408
furkantomasoglu,0.745874587,0.254125413
FuturesSomerset,0.628140704,0.371859296
FxSnipes,0.683950617,0.316049383
G0ATSHRINE,0.436241611,0.563758389
gabbygilbert09,0.804878049,0.195121951
GabMoBanks,0.765363128,0.234636872
GabrielCasiano1,0.575851393,0.424148607
GabriellaBruno6,0.159574468,0.840425532
gabyderealpe,0.765100671,0.234899329
gaellearssn,0.501385042,0.498614958
gaithertim,0.551724138,0.448275862
galarcon_m,0.634743875,0.365256125
galestormKitsun,0.742307692,0.257692308
GAlNSBOROUGH,0.471875,0.528125
GalwayWarriors,0.509803922,0.490196078
gambinosbakery,0.764890282,0.235109718
GameDevsofWelly,0.78125,0.21875
GameMakingNews,0.986710963,0.013289037
GamesWeekMelbs,0.45974026,0.54025974
game_estates,0.996,0.004
ganeshdeals,1,0
GaranceRnr,0.773006135,0.226993865
GarciaSharra,0.93220339,0.06779661
Garcia_leon_,0.584158416,0.415841584
GaryBorowiec,0.955555556,0.044444444
garydwaechter,0.8,0.2
garyjford1981,0.521276596,0.478723404
GaryWhitcomb,0.906752412,0.093247588
GASTWESOsmanlee,0.734138973,0.265861027
gateway2science,0.928125,0.071875
GatewayU_2016,0.146240379,0.853759621
gathanlse,0.556451613,0.443548387
Gatrgal,0.425742574,0.574257426
GaurikaBrijwal,0.305031447,0.694968553
Gauthierlb_,0.726415094,0.273584906
gavinhoops2,0.796610169,0.203389831
GavinTanner,0.560301508,0.439698492
gazpoole,0.619354839,0.380645161
GBookerPR,0.781690141,0.218309859
gbrown_gb23,0.714723926,0.285276074
gearvrnews,0.515151515,0.484848485
GearVR_us,0.855907781,0.144092219
GeeUmboh,0.874598071,0.125401929
Gege97G,0.865771812,0.134228188
GeisingerADMI,0.41011236,0.58988764
gemamataa,0.985074627,0.014925373
Gemini_wife_mom,0.976430976,0.023569024
Gemma_Lou_Lou,0.564285714,0.435714286
Genestone,0.884892086,0.115107914
Genmathenge3,0.751612903,0.248387097
GenoAteTampa,0.714285714,0.285714286
genocidexox,0.8125,0.1875
GenomeFIRST,0.514106583,0.485893417
gentagInc,0.677966102,0.322033898
genuine_husband,0.473684211,0.526315789
GeoffreyJames3,0.798045603,0.201954397
geoffreyjwong,0.6,0.4
GeoOptimization,0.745689655,0.254310345
georgehsteele,0.807692308,0.192307692
GeorgeManiereg,0.208823529,0.791176471
GeorScandalo,0.702265372,0.297734628
Geraldine_Julie,0.785714286,0.214285714
Geronimsxvi,0.911392405,0.088607595
gerPs,0.65,0.35
getfortawesome,0.286885246,0.713114754
geudehradun,0.964169381,0.035830619
GFCChris,0.82729805,0.17270195
gfindley01,0.96969697,0.03030303
GGlensol,0.932642487,0.067357513
GharFinder1,0.996644295,0.003355705
GHS_Gators,0.494339623,0.505660377
giantblackdog,0.843478261,0.156521739
GiantRobotKillr,0.636923077,0.363076923
GiantSpider_MKE,0.764705882,0.235294118
gibbbaayyy,0.583783784,0.416216216
gibbondemon,0.534810127,0.465189873
GidionRembet,0.903614458,0.096385542
giggyy54,0.628169014,0.371830986
gilferrersalon,0.944625407,0.055374593
gilngalamsyah,0.879518072,0.120481928
ginnyhamrick,0.637681159,0.362318841
Giowithanio,0.756578947,0.243421053
girby,0.387362637,0.612637363
Giselasumarauw,0.895384615,0.104615385
giselleyygee,0.782894737,0.217105263
GissethM_,0.832258065,0.167741935
GithaKawengian,0.930693069,0.069306931
GiuliBacchin,0.609195402,0.390804598
giveusasmile916,0.805280528,0.194719472
GJL67,0.524822695,0.475177305
gkphotography1,0.877887789,0.122112211
glenglet,0.845410628,0.154589372
glenn_natalie,0.579075426,0.420924574
GlenStation,0.871287129,0.128712871
glensutherland,0.392156863,0.607843137
GlenTappi,0.884848485,0.115151515
GlenwoodWildcat,0.715189873,0.284810127
glen_dowell,0.721311475,0.278688525
GleycePatricio,0.793103448,0.206896552
Glimmer_KKP,0.225609756,0.774390244
gloriakhj,0.773134328,0.226865672
GloriousTattoos,0.015835313,0.984164687
glossika,0.909090909,0.090909091
Glydetime_,0.482352941,0.517647059
gmagoulis,0.81981982,0.18018018
